muon phi, muon eta, electron pt, electron phi, electron eta, jet 1 pt, jet 1 phi, jet 1 eta, jet 2 pt, jet 2 phi, jet 2 eta, gen muon pt
0.643491, -2.08862, 138.26, -2.48061, -1.88857, 72.4412, 1.62898, -0.501644, 11.8399, -0.664084, -0.304766, 49.4422
 3.06884, -0.485203, 91.8324, 2.55355, 0.453819, 78.1167, -2.6212, 1.46304, 10.92, -0.419541, -2.11801, 26.7335
 0.472519, 2.2467, 47.9041, 0.230399, 0.503084, 94.5254, -2.16708, 0.711384, 10.4312, 3.03759, 0.198714, 45.9846
 -1.24555, 1.92224, 57.6833, -3.07016, 0.856794, 109.146, 2.15608, -1.15571, 11.6564, 2.97189, -2.09552, 46.7025
 -1.01077, 1.43811, 32.2383, -0.644951, 0.541714, 173.206, -0.337403, -0.105231, 10.9046, 0.544794, -1.34029, 25.1131
 -0.911783, 2.33547, 46.3356, 1.75941, 0.428292, 108.671, -2.77432, 1.37852, 11.1973, 1.15356, 2.1545, 29.0121
 0.665928, -0.508141, 37.467, -0.453863, -2.23236, 41.9648, -2.12641, 0.714062, 11.2723, 2.59256, 2.72074, 46.1057
 -2.2822, -0.557116, 241.528, 0.663779, 0.0342249, 122.983, 1.38277, 1.36235, 10.0851, 2.27376, -0.257679, 120.942
 2.48871, 1.12756, 37.0363, -0.764328, -1.88131, 61.1258, 3.02507, -0.381156, 10.4989, -1.23424, 2.70345, 49.2645
 -2.35965, 2.41049, 46.2414, -1.01031, -0.13151, 57.4908, 0.654208, 1.6595, 10.0247, -1.71163, -1.88131, 29.3025
 2.1934, -0.93672, 130.965, -0.229008, -0.851711, 54.6044, 2.516, -0.409773, 10.0956, 2.34666, -1.49754, 20.5563
 0.817239, 0.782723, 28.5421, -1.11315, 1.71081, 51.1066, 0.484357, -1.30375, 11.1904, -0.359931, 2.59884, 5.38632
 -1.70109, 0.0569693, 114.538, 1.87846, -2.01072, 159.068, -1.02474, 0.125205, 10.1578, -2.81914, -2.61082, 146.219
 2.46275, 2.02536, 40.9131, 3.04766, 0.120319, 59.2054, -1.13569, 1.96518, 10.0552, 2.29477, 2.78446, 85.0637
 0.826261, -0.838784, 58.1627, -2.7811, 0.213643, 119.756, -0.259524, 0.483858, 10.3277, 3.07481, 1.37384, 16.4744
 1.02182, -1.49816, 66.911, -0.787257, 2.18114, 64.8099, 0.532921, 0.796314, 11.0352, -0.179809, 0.244864, 10.5223
 -2.79162, -1.6658, 43.3382, 1.00959, 0.171149, 67.4803, -2.61046, -2.44145, 10.2451, 1.04022, 1.45346, 104.29
 -1.11876, 0.684715, 28.9681, -3.11911, 1.79496, 80.738, 1.68029, -1.31916, 10.0902, -2.04085, 2.8172, 27.5131
 -0.081092, 1.51033, 60.7604, 3.05661, 2.37617, 130.54, 2.41295, 2.29958, 11.9611, -1.57645, 2.58427, 20.0206
 -2.81636, -0.955852, 85.8836, -0.123864, -0.845496, 169.934, -1.92542, -1.15863, 10.1563, -0.541875, 2.11037, 72.3362
 -2.29847, 0.620049, 34.0161, 1.25568, -0.657256, 62.6636, -2.00185, 0.0335861, 10.8813, -2.92744, -0.507396, 48.4543
 1.77423, 0.368679, 41.89, 1.34007, 0.815907, 94.2995, -2.62763, 0.441053, 10.0112, -2.14314, 0.412506, 38.1128
 -2.603, 1.13989, 44.4396, -0.485771, 2.38127, 135.625, 3.11112, -0.114082, 10.61, -1.21019, 1.08134, 7.29796
 -0.301357, -1.8294, 43.5352, -1.77094, 0.086203, 69.2131, 2.96831, -0.708253, 10.0351, 0.121576, 2.53766, 40.8143
 -0.206097, 0.174081, 67.1017, 2.31251, -1.78329, 101.233, -1.80222, -1.80543, 10.812, 2.65072, 2.61095, 37.529
 -2.57852, 0.105383, 29.0315, -1.79483, -1.70678, 143.551, 0.296456, -1.24717, 11.541, 1.84011, -1.02105, 211.401
 -2.05328, -2.30245, 33.8933, -1.36442, -1.03513, 48.254, 1.04709, -2.00495, 10.0315, 3.11168, 2.65316, 59.1812
 2.77137, -0.391841, 49.1236, -1.62837, -1.63604, 85.1331, 0.510794, -0.343174, 10.1099, -0.107259, 1.90007, 66.4919
 1.58977, -1.64148, 73.7321, 2.4717, -0.158508, 48.718, -0.156873, -1.40584, 10.0824, -2.51816, -1.4415, 54.3078
 -0.849815, -0.903879, 32.1915, 2.87082, -0.0829736, 131.113, 2.71872, -0.889028, 10.472, -0.29043, 1.54976, 108.388
 -2.12727, 0.107268, 77.8656, 1.93727, 0.830178, 160.909, 0.88268, 0.681177, 10.0329, -2.16399, 2.3918, 105.773
 -1.94514, 0.456548, 31.6325, -1.38817, 2.22004, 86.97, 0.674423, 0.906772, 10.8204, 2.11623, 0.389265, 75.8791
 -0.0305329, -0.372976, 53.7226, -3.07533, 0.457529, 81.4892, -2.14985, -1.02786, 10.8416, 1.37628, 1.95121, 86.0015
 -0.866373, -0.181058, 38.2025, -2.6139, 0.0819517, 163.689, -0.796088, -1.72125, 12.4035, -0.13254, 1.15386, 11.9527
 0.14798, -0.154276, 67.4237, -1.49514, -0.403355, 96.5812, -1.56109, -2.65202, 10.4821, 0.586874, -0.631042, 47.2561
 0.317641, -0.508766, 92.2606, 1.34521, -0.39785, 231.835, -1.20697, 0.667454, 10.8603, -3.08684, 1.75013, 20.1013
 -1.85152, -1.33721, 115.956, 2.3073, -0.739145, 236.217, 0.129531, 1.27778, 11.4812, 1.9211, 1.85298, 62.7547
 -0.0733762, 1.64812, 85.4303, 2.31887, 0.303863, 54.5609, -1.55841, 0.338161, 10.3471, -0.832993, 2.45738, 68.1037
 2.27943, 0.121297, 33.3632, -2.76273, 1.98793, 57.4471, 0.288156, 1.16315, 10.061, -2.82913, -1.27192, 36.244
 2.04658, 0.0428294, 49.5421, 0.727131, 0.123619, 54.8631, 2.75791, 2.44559, 10.2826, -2.58411, -1.29582, 20.6714
 0.0911421, 0.329505, 45.5948, -2.5013, 0.513, 112.993, -0.222013, -1.44964, 10.0344, -0.826355, -1.13892, 17.5348
 -1.03184, -2.01668, 88.8973, 2.95567, -1.59995, 70.1565, 0.206396, -1.37585, 10.0042, 2.71068, -2.5729, 34.9116
 -2.40959, 1.07105, 37.9759, 2.71241, 1.44485, 51.0284, 1.32556, 0.0823355, 10.6576, 2.37675, -0.156895, 20.6252
 -2.26884, 0.981492, 91.8155, 1.81976, 0.49137, 100.256, -0.784197, 0.733525, 10.0338, -0.0294991, 2.23933, 29.3555
 2.48532, -1.47907, 47.1831, 3.00478, -0.329323, 87.22, -1.5045, 0.275123, 10.4323, 2.09846, -3.04363, 35.6302
 2.7658, 1.26137, 92.5738, -0.836679, 1.77954, 95.6033, 2.18067, 1.72795, 10.0284, 2.35439, 2.8465, 56.7557
 -0.875175, 0.443397, 42.8792, -2.51859, -2.23513, 146.41, 1.10203, -0.405506, 10.4905, -2.84449, 2.4493, 8.85132
 -0.929961, -1.52932, 31.6762, 0.237597, -0.775754, 360.833, 2.41159, -2.24375, 10.6748, -0.937608, -0.0808269, 8.03699
 -1.39396, 1.97337, 163.985, -0.0125031, -1.18568, 150.251, -2.96016, 0.740441, 10.2553, 0.11645, 1.3248, 25.1304
 -2.54042, -0.382245, 44.2746, 1.34252, 0.916208, 80.792, 2.86329, -0.686791, 10.1375, -0.713447, 1.2731, 57.6532
 0.832009, -0.465886, 51.418, -1.50438, -1.0196, 67.0925, 2.91373, -1.16712, 10.2977, -2.71778, 2.02404, 49.5558
 -0.125041, -1.90391, 43.9553, 1.64432, -0.712339, 53.9444, -2.61904, -0.596147, 17.6852, 2.80559, 2.66152, 17.9026
 2.50214, 0.375697, 65.3084, 1.49832, 1.04979, 63.0852, 2.93605, 2.0669, 10.676, 0.377549, -0.817128, 30.5235
 -1.44688, -0.50263, 46.0881, 2.22911, 0.357309, 65.6656, 0.925838, -2.28193, 11.3991, -0.370214, 0.560714, 40.0878
 -2.35202, -1.35177, 54.4861, 2.69863, -0.438607, 53.8994, -0.457465, -1.7024, 10.4721, -0.477546, 1.25074, 27.0708
 1.96842, 0.0700184, 67.4812, -0.631227, 2.10923, 127.524, 2.57855, 0.632105, 10.6888, -2.11233, 2.48363, 14.92
 2.52431, 0.49009, 28.5271, 0.623485, 0.836616, 81.581, 2.89485, 0.983665, 10.0602, 1.87664, -0.0897714, 23.2805
 -1.76476, -1.9813, 153.663, 1.82794, -0.852141, 126.351, -0.433092, 0.477584, 10.5627, -0.0319829, -1.0466, 48.9694
 0.505838, -0.544063, 47.9298, -0.160713, 1.02559, 77.1621, -2.81851, 1.08326, 10.7565, -2.95035, -2.70386, 39.9157
 -0.315358, -0.137205, 38.8814, 2.48967, -0.452949, 31.0848, -0.66476, -0.81357, 11.2905, 1.6364, -0.420898, 47.8243
 -2.14177, 1.38886, 81.4875, -1.54074, 1.33124, 70.9419, 2.62648, 1.39886, 10.5471, -0.630961, -2.71133, 51.1602
 -1.75468, -0.882906, 64.8665, -0.982737, -1.41241, 62.0376, 2.00261, -1.55176, 17.2288, 2.4865, -2.90852, 39.9701
 -0.095302, 0.22795, 33.5026, -0.376494, -0.633494, 123.497, 0.944215, -1.00881, 10.9482, -3.07353, 2.54504, 43.6769
 2.63462, 0.146194, 52.8283, 0.443833, -0.350051, 114.907, 2.96663, 1.75579, 10.6831, -0.12391, 1.89765, 39.5426
 -0.122767, 0.950744, 48.1131, 2.87256, -0.770677, 61.3415, 1.76115, 2.22613, 12.161, 0.188608, 2.82462, 28.7416
 2.59251, 1.0248, 81.9506, -0.296399, 2.32194, 148.788, -2.81194, 1.49845, 12.0398, -1.05842, 2.32857, 61.5888
 -0.247614, 1.72527, 38.2923, 2.17757, 0.0387277, 88.396, -1.65116, 0.57105, 10.3307, 1.49584, -1.80465, 37.2532
 2.90881, 0.00843212, 146.392, -1.1847, 0.314428, 62.7923, 0.333011, 0.410509, 10.8737, 0.173154, 2.69272, 77.7296
 2.72421, -0.282207, 100.902, -1.06027, 1.61254, 107.82, 1.90227, 0.38076, 10.7177, 2.68747, 2.95111, 35.2286
 1.09312, -1.96037, 54.2493, -1.91103, 0.23134, 161.486, 0.392806, -0.853233, 10.7196, 2.82107, 2.56615, 19.849
 2.74246, 0.603927, 5.43002, 1.40431, 1.96532, 206.857, -1.38771, -0.183053, 10.4248, 0.910782, 2.40921, 22.5121
 0.560882, -0.275939, 64.7861, 2.50464, 1.74028, 165.324, -1.62758, 1.93171, 10.2647, 1.90213, -2.25563, 28.2554
 1.77154, -0.645206, 55.1625, 0.215307, 0.793128, 213.878, -3.07314, -0.666427, 10.1273, -1.85265, 2.43859, 40.3438
 -2.96797, -0.372177, 33.322, -1.14276, -0.0713328, 46.1037, 0.654992, -1.06288, 10.4659, 0.515215, 2.78639, 58.4413
 1.88426, 0.0206909, 72.496, -0.564894, -1.4319, 35.2234, -2.45, 1.04765, 10.0533, 1.368, -1.40229, 69.0745
 2.50344, 1.11661, 51.3388, 0.641874, -1.68548, 112.361, 2.13928, -0.255322, 10.262, -0.452338, -2.50765, 23.5536
 0.600716, 0.108086, 107.428, -2.42059, 0.963524, 130.006, 0.241356, 0.821367, 10.1733, -1.41024, 0.690583, 178.086
 3.01758, 1.90644, 45.0274, -0.775004, 0.534046, 265.072, 2.46737, 2.21315, 10.3211, 1.37344, 1.49737, 96.7206
 -0.222173, -0.00688044, 279.794, 2.81847, -0.284592, 85.2073, -0.760497, 0.7303, 10.2748, -1.00362, -0.0925822, 76.2138
 -0.825634, 0.540246, 35.5094, -1.12549, -0.825844, 84.067, 2.00549, -0.184072, 10.4218, 2.5157, -1.05948, 26.4201
 0.385751, 0.301085, 36.8714, -1.93845, -2.20666, 31.6922, -0.539886, -2.65922, 11.5289, 2.45914, 2.27836, 59.1563
 2.13324, 0.675397, 45.314, -0.194023, 0.922365, 123.973, -0.922156, -0.0756508, 10.1894, 0.477856, 2.35481, 47.7733
 -1.95452, -0.138222, 30.2092, -1.62897, 0.839645, 51.643, -0.568776, 0.950697, 12.4957, 2.14458, 2.0114, 23.6466
 -2.45761, 0.653712, 137.082, -1.83657, 0.824982, 289.162, 1.10006, 2.12004, 10.1509, -2.59445, 1.30949, 38.4034
 2.79951, -0.68283, 83.0968, 1.07459, -0.120175, 70.0077, -0.980034, -1.03082, 10.1149, -0.252913, 2.7783, 60.9116
 1.4886, 2.33048, 29.6854, 2.46383, 1.57866, 112.205, -1.11512, 1.46952, 11.5798, -1.00034, -2.68504, 21.9471
 2.74876, -0.454558, 152.979, -0.212013, 0.809487, 34.7371, -1.84624, -0.00751978, 10.5247, 1.27682, -0.885419, 156.704
 1.89352, -1.22737, 97.587, 1.20715, -0.0939715, 165.5, -1.51825, 0.296678, 10.0539, -1.72537, 1.30916, 54.3323
 1.7869, -0.0333136, 62.8754, -1.17795, -0.0589493, 119.315, -0.773582, -1.0373, 10.0868, -1.74043, 1.19411, 38.347
 0.113302, 1.6748, 51.5112, 2.99924, -0.709432, 93.9034, -0.280976, 0.688357, 10.9228, 2.76416, -0.0861315, 168.292
 -0.573246, 1.8636, 44.2822, 1.44601, 0.354979, 195.455, 2.15083, 0.422884, 10.1106, -2.3976, 0.257183, 303.559
 -2.82138, 0.4135, 62.1042, 1.9251, -0.584759, 74.3148, -1.18265, -0.0852784, 10.2887, 0.965855, 2.71285, 31.472
 -2.12997, 2.29924, 44.2324, -1.49979, 0.221116, 86.1822, -0.491437, 1.4487, 10.4824, -0.87543, -0.267123, 79.3217
 -1.96034, -1.17949, 62.4895, 2.26659, 0.0562654, 158.314, 1.38512, 0.565815, 10.7142, -0.964939, 0.141504, 111.022
 2.62134, 2.00706, 145.691, -1.13178, 2.02194, 96.457, 1.05837, -0.157168, 10.357, 0.503678, 2.42917, 92.9573
 0.48468, 1.3044, 43.6085, 2.90084, -2.43814, 193.898, -3.13308, -1.70554, 11.2084, 0.966367, 0.433831, 99.0902
 -0.360147, 0.217927, 55.279, -1.36136, 0.730028, 133.446, 2.02099, -1.89024, 11.4989, 2.47099, 2.64086, 85.8125
 -0.283021, 0.357418, 81.6292, -1.90581, -0.750475, 86.7606, 1.49196, 1.58255, 10.8303, -1.40781, 0.505833, 18.6654
 0.492415, 1.01418, 50.1435, -2.9191, 0.897986, 207.435, 1.86988, -1.54614, 14.2209, 1.78599, 1.27857, 62.5023
 -0.717414, -0.317304, 68.065, -2.26943, 0.914053, 40.7069, -2.0142, -0.0813706, 10.7444, -0.972151, -2.89941, 17.2778
 -0.5192, 1.06946, 67.7566, 1.99507, 1.08314, 145.803, -0.0745417, 1.80424, 10.2996, 1.33038, -2.05853, 91.5575
 -1.94257, -1.44032, 72.6079, 1.94708, -0.810109, 56.754, 0.754912, -1.45517, 10.5724, -0.272474, 2.51764, 19.2564
 2.26274, -0.104649, 57.8019, -0.495507, -1.3693, 104.641, 2.12108, -1.35132, 10.1711, 1.02931, -0.322497, 40.7406
 0.451159, 1.54263, 116.649, 2.69476, 1.7792, 104.881, -2.66396, 0.957152, 11.0314, -1.56578, -3.01924, 104.098
 0.915292, -0.139002, 147.846, -2.31754, 0.438772, 148.02, 1.42509, 0.177005, 10.281, -2.86831, 0.168161, 171.888
 1.23344, 2.27797, 39.9511, 2.44407, 1.9152, 42.1315, -1.53824, 2.43987, 10.5025, -1.00947, -1.87406, 95.8608
 -3.00256, 1.23195, 92.2967, 0.504518, 0.505077, 148.778, -1.04281, 1.22764, 10.2561, 2.72516, 2.9364, 38.5223
 2.48716, -0.286834, 65.5563, -0.180086, 2.03987, 97.6025, 0.195283, 1.04654, 11.2301, 1.69274, 1.93122, 50.6528
 -1.50174, -1.52291, 69.0293, -1.75579, -0.358256, 103.757, 2.73428, -1.58806, 10.5289, -0.325177, -2.01419, 38.1934
 -1.80689, -0.156816, 29.2564, 2.73702, 0.13411, 152.743, 1.89579, -1.14172, 11.0126, 0.288381, 0.392004, 59.4915
 -3.13842, 0.0537437, 58.4347, 0.105147, 0.282668, 121.286, -1.77937, 0.699241, 10.2909, 2.55189, -2.64239, 26.7298
 0.960591, -1.55299, 57.5811, 1.57728, 0.885464, 69.2777, 2.83261, -0.841659, 10.7344, 2.49544, 2.72339, 23.6024
 -1.74901, -1.47337, 52.2123, 0.902882, -0.516745, 147.001, 1.13013, -1.24174, 38.5998, 2.56182, 0.0767333, 25.5874
 1.05842, -1.68262, 29.1578, 0.0748868, -0.60459, 71.8593, -3.14121, -1.48046, 10.7344, 1.75025, 2.64053, 44.9971
 -0.917626, 2.0101, 41.0493, 2.22431, 1.57665, 67.0447, 0.695669, 1.53607, 10.6535, -2.23611, 1.48454, 45.4054
 0.652878, -0.646779, 55.064, -1.50458, -0.209124, 92.3679, 0.545474, 0.0843637, 11.8265, 1.31812, -1.67549, 28.0104
 -1.93974, 0.10863, 145.343, 2.29557, -0.547168, 46.1242, 0.783015, 1.67714, 10.3236, -0.912085, -2.91397, 6.18477
 -1.5031, -1.11024, 105.36, 1.8454, -0.0791473, 129.075, -0.967597, -1.68803, 10.8199, -0.980888, -2.4901, 40.251
 1.24535, 1.39318, 43.4609, 1.04129, 0.316544, 146.876, -2.43548, 0.682115, 11.1582, 3.13318, 0.71659, 56.3469
 -2.09384, -1.0952, 82.9665, 2.73671, 1.08849, 188.155, 0.747277, 2.0827, 10.4392, -1.72086, 1.61531, 80.595
 -2.06561, -0.805335, 113.042, 2.86924, -1.81589, 135.507, -0.0607298, -1.4639, 10.6929, 0.594243, -1.69389, 4.14283
 -2.60589, -0.792906, 33.0019, -0.127241, -0.990494, 90.7146, 2.43156, -1.53901, 10.9726, 2.68462, 2.5369, 52.0464
 2.96683, -0.859984, 239.082, 2.76215, -1.40144, 219.72, -0.364368, -0.859614, 10.9692, -1.03208, -2.6353, 8.43292
 -2.37587, 1.63205, 111.099, -0.643312, -0.457919, 116.253, 2.81679, -0.0225149, 10.1306, 0.377705, 0.702238, 27.2097
 -2.69751, -0.753088, 103.643, -2.40125, 0.488249, 114.618, -0.324671, 0.430926, 10.7229, 2.48166, -1.08451, 16.7131
 1.42545, -0.856595, 69.0024, -2.51884, -0.196505, 83.839, 1.68671, -0.317134, 16.9215, -3.08345, 1.08074, 30.5968
 -0.785096, 1.26837, 72.6062, -1.18384, -0.280828, 65.4676, 2.37908, 1.04373, 10.025, 2.32569, -0.507664, 50.6696
 -2.68785, -1.93262, 41.6903, -2.27897, -0.603425, 57.9187, 0.923746, 0.142108, 10.4717, 1.37542, 0.504386, 68.9865
 -1.25126, -0.806276, 42.4521, -0.104961, -0.413966, 165.732, 2.84425, -0.2719, 12.4629, -1.69103, 1.89309, 36.4381
 -2.33859, -0.0581414, 83.4807, 0.981346, 1.4497, 148.498, 0.972893, 0.776974, 10.7215, -0.679123, 2.51576, 58.2988
 2.50485, -0.848138, 59.5417, 1.90694, -0.553892, 43.9202, -0.690171, -2.24753, 10.1702, 2.46479, -2.4537, 35.6179
 -3.10667, -1.82778, 89.3185, -2.9246, 1.37656, 194.842, -0.982225, 2.46132, 10.502, -2.31371, -1.07314, 24.7632
 2.62192, 2.18166, 31.1344, 0.136754, 1.95023, 146.247, 1.92223, 2.19271, 10.8414, 2.24911, 2.80012, 34.6807
 -0.857429, 2.29475, 56.4742, 1.43388, 0.381817, 201.209, 3.00517, 2.19594, 10.4813, -2.39181, 1.40534, 97.9668
 -2.6066, 0.620482, 55.0404, -0.211284, 0.550267, 79.5885, -1.70015, 0.161225, 10.0438, 1.65633, 0.303646, 36.2224
 -1.87522, 1.15642, 27.9256, 2.80202, 0.578229, 38.9084, -1.55211, -0.303583, 10.165, -1.93468, 2.86544, 15.7129
 -0.146772, 0.435981, 52.5833, 1.85154, 1.08817, 144.294, 2.65917, 0.358901, 10.6202, -1.7373, -0.0187985, 155.898
 -2.64937, -0.0397612, 42.1653, 2.39851, 0.772596, 51.877, 0.317282, 1.86883, 11.2641, 1.62595, 1.03369, 53.5205
 -1.41118, 1.08544, 59.4613, 1.17193, 0.0293593, 24.5446, -1.44772, -1.3501, 11.1176, 1.84368, -2.23711, 50.1949
 2.34503, 0.781579, 39.9567, -2.40308, 0.78585, 90.7957, -0.01088, -0.221254, 10.1127, -1.48109, 1.99597, 31.3529
 2.12207, 1.95137, 96.9472, -1.97813, 0.510839, 75.3178, -0.745899, -2.46211, 11.5718, -0.158299, -2.86068, 32.8437
 -0.0780866, -0.951091, 29.5094, -0.54785, -0.429182, 49.2398, 1.29748, 0.240059, 10.0164, 1.51861, -1.87451, 29.3254
 -2.7817, -1.59387, 102.976, 0.839055, 0.502405, 74.4242, -1.51334, -1.18132, 10.7295, 0.679876, 2.57905, 52.9703
 -1.97806, -0.737631, 83.0338, -0.656675, -0.675289, 107.003, 0.467501, -1.37946, 10.3929, -0.794149, 2.64316, 68.0092
 -1.73391, 1.02891, 60.2954, 1.14048, 0.128186, 114.949, -2.50173, 1.85322, 13.3446, 1.38459, 1.70928, 133.935
 -1.18236, 2.28606, 104.521, -2.47881, -0.317605, 93.7571, 1.03426, 2.54819, 10.4139, 2.49599, 0.720242, 20.664
 2.56986, -0.130055, 92.2201, 1.3037, 2.09217, 73.8602, -1.2839, 2.3657, 10.8733, -1.15336, 0.513774, 34.8412
 -2.71897, 1.73476, 60.3569, -2.69875, -0.579427, 110.691, 0.316441, -0.398668, 10.7169, 2.45819, -2.87605, 73.1553
 1.32913, 0.402565, 78.3609, 1.75256, -1.16, 54.8597, -2.60162, -2.53857, 10.0124, -0.44472, 2.8234, 31.5746
 1.43942, -0.134755, 56.2326, 0.392399, -0.591639, 69.8842, 2.41359, 0.263712, 11.0543, 0.542921, -2.92687, 15.7176
 2.0192, 1.16248, 41.4975, 2.08744, 1.60921, 101.198, -0.313336, 1.92084, 10.2022, 1.28548, 2.58281, 39.7549
 -1.07132, -2.37338, 49.8675, -2.31238, 0.48415, 67.624, 2.15123, -0.698294, 10.7028, -0.892119, 2.70219, 54.7378
 -1.00819, 1.8445, 37.043, -2.75469, 1.05374, 77.3648, 2.67043, 0.0363901, 10.822, -2.12486, -1.82634, 98.6647
 -0.610387, -1.9456, 36.4501, 0.888927, -0.979048, 95.1206, 2.3513, -1.47379, 10.2869, 1.15288, 2.1125, 32.4885
 -0.252796, 1.86992, 53.2445, -0.223983, -0.314613, 87.3114, 2.82213, 2.38863, 11.7552, -1.15554, -2.83371, 114.075
 1.09183, 0.871258, 55.0594, -0.0941229, -0.612802, 34.2332, -1.36804, -2.08227, 10.5597, -1.06603, -1.02466, 8.49358
 0.952462, 1.87888, 56.6853, 3.0546, 0.842056, 139.112, -0.0874183, 1.67432, 11.1366, -1.94852, -2.75236, 54.5095
 -1.12277, -1.7015, 90.9011, 2.21481, -0.304834, 87.0933, -1.32836, 0.963007, 10.1703, 0.707231, 1.17255, 18.856
 0.11566, -0.879387, 98.2855, 2.9415, -0.921195, 115.686, -0.507999, -2.1317, 10.7195, -2.40102, 1.65147, 28.601
 0.0923759, -0.768525, 102.403, 2.29985, -2.54997, 47.616, -0.923652, -1.37842, 10.0231, 0.719251, 1.22646, 75.3888
 -2.61279, 0.828241, 65.7596, -2.69194, 1.84997, 57.8496, 1.12557, -0.499678, 10.9806, 1.69742, 2.57525, 31.2589
 -0.984109, -0.949473, 93.3328, 2.19636, 1.20682, 174.136, -2.96559, 0.640716, 10.8182, -0.30429, 0.884036, 234.522
 -0.579267, 0.209644, 48.5871, 3.12093, -2.21431, 74.9318, 1.01407, -0.508974, 10.1673, -0.464809, 1.90774, 70.896
 -2.91253, 1.17744, 71.6955, -1.15437, 2.16396, 67.9391, 1.29814, 1.76143, 10.5857, 2.85089, -1.1115, 45.879
 -1.43935, -1.14571, 51.5598, 0.469229, -1.15907, 47.4889, -2.55654, -2.48386, 11.5359, -0.346895, 0.155329, 27.2103
 1.12452, 1.26849, 32.2452, -1.10912, 0.466339, 144.509, 0.670775, 1.86297, 10.1055, -2.6756, 1.58365, 61.7583
 1.24037, -1.47446, 144.811, -3.0797, 0.312868, 440.756, -1.69973, -1.03651, 10.633, -0.711174, -1.78525, 129.623
 -0.875681, -2.03506, 68.1158, -1.52644, -0.219709, 88.3711, 0.526712, -2.47989, 10.5488, 0.503161, 1.29003, 32.7711
 -0.506828, -1.87469, 58.9656, -1.60927, -0.537989, 75.9931, 1.51489, -0.3179, 12.0074, 1.27145, 0.140044, 23.6234
 2.99964, 0.1033, 52.4119, -0.555016, -1.02666, 63.8171, -2.65556, -1.2332, 10.42, -0.279782, -1.76676, 28.8155
 0.591069, 0.873879, 191.707, -2.7523, 0.112082, 53.5393, 2.59322, -0.25747, 10.6508, -2.04325, -0.883209, 158.374
 2.63299, -0.538007, 51.3413, 2.71652, -0.108915, 102.27, -1.09151, -1.20184, 10.1071, -1.32367, 2.0056, 27.0497
 1.10223, 1.57231, 83.6174, -2.62506, -0.382065, 40.2836, 1.62837, -0.501306, 12.5167, 2.09801, 0.190579, 100.297
 1.12943, -0.694737, 41.1093, -0.924221, -0.0504463, 131.368, 1.44069, -2.123, 10.0107, -0.319402, -2.8881, 54.5941
 -2.79837, -0.131355, 53.176, -2.42625, 0.0822324, 867.84, 0.732589, -0.292494, 10.4875, 0.180102, -2.56777, 69.9284
 0.728816, -0.684316, 50.5432, 1.03224, 0.825196, 79.1526, -3.06869, -0.567652, 10.0668, -1.84446, -0.719042, 39.1893
 -2.84508, -0.384741, 72.4906, 2.92753, -0.773355, 84.6842, 0.420062, -1.03974, 12.076, -0.887749, 2.8991, 62.2
 0.0386261, 0.245351, 148.319, -2.33236, -1.01488, 153.002, 1.65615, -0.206529, 10.1314, 2.19495, -1.08218, 67.5263
 0.827568, 0.536102, 62.9521, -1.46378, 0.192664, 105.644, -2.45719, -0.245576, 10.6701, 2.17102, -2.59714, 62.9105
 1.62906, -0.811642, 50.1267, -1.31137, -0.791596, 79.1743, 2.18148, 0.0232938, 10.254, 0.113623, -2.60925, 31.2715
 0.832288, 0.543636, 85.6228, -2.05954, -0.141794, 69.2602, -0.382981, 1.3075, 10.1419, 2.1283, 1.84098, 87.5462
 2.60354, 1.90566, 53.5621, 2.51282, -0.560695, 125.452, -0.33665, 1.99626, 10.733, -0.0507194, 2.70539, 25.9386
 0.693279, 0.278805, 93.7301, -1.87695, 0.548908, 70.06, 1.07412, 1.11068, 10.2955, 2.65309, 1.50702, 69.3852
 2.07584, 1.05135, 143.352, -1.76904, -0.752064, 56.7185, -1.46485, 0.558389, 11.3255, -0.486849, -2.34516, 12.7413
 -2.90627, 1.79431, 56.1507, 1.40371, 0.108188, 90.3683, 1.98888, 0.0526822, 10.1207, -0.291957, 0.479372, 81.9827
 -2.84121, -0.0146447, 89.5396, 1.34176, -2.08799, 147.823, -2.84672, 0.680515, 10.3552, 2.50923, 2.64655, 28.3302
 -1.94293, -0.569773, 45.3342, 0.281129, -0.990879, 78.7828, -0.39979, -0.0333387, 11.6978, 1.52751, 2.78209, 35.3013
 -1.17969, 1.74399, 119.658, 1.5338, 2.49294, 211.229, -2.54064, 0.410879, 13.5143, -1.38519, 2.72727, 44.767
 -1.57192, 0.87808, 29.5515, 1.66079, -0.234551, 60.3593, 2.25646, -2.66241, 10.1861, -1.49448, 2.73639, 94.1025
 -2.36737, -0.362708, 101.966, -0.0771785, 0.0255555, 51.7975, 1.88511, -0.730272, 10.1382, -0.837881, -0.338659, 115.23
 -1.39708, -0.275502, 234.512, 2.07318, 1.83201, 72.931, -0.455385, -0.198719, 10.306, 0.0199874, 1.36389, 101.971
 0.183014, -0.474955, 34.1279, -2.52561, -0.0138764, 87.1586, 2.0482, 0.805512, 10.1582, 0.711867, -2.25253, 53.137
 1.72954, 1.28381, 34.7096, -2.82616, -0.750576, 105.981, -0.68086, -1.74135, 10.9712, -1.7066, -2.77427, 13.3017
 -1.54521, 1.62991, 85.0313, 2.03403, 0.973598, 103.32, -2.16399, -0.240499, 10.57, -2.90446, -1.9101, 41.5893
 -1.23737, 1.28369, 97.8855, -0.585427, 0.189813, 103.532, 1.76504, -0.347597, 10.1346, -1.28294, -2.55253, 13.3194
 0.853638, -0.0253692, 100.796, -1.29367, 0.566478, 76.2711, -2.31218, 1.32378, 22.3271, -2.63684, -1.09296, 137.215
 1.97445, 1.81951, 38.2488, 0.460634, 0.951129, 65.0095, 0.794013, 0.537604, 24.5894, -1.95718, -1.22383, 18.4778
 0.917518, 0.103169, 142.932, -1.78623, 0.459556, 41.5034, 2.83448, -0.336034, 10.0384, 2.52622, 2.80897, 92.0301
 2.08708, -1.12875, 56.2673, 2.37845, -0.0207686, 75.775, -1.52461, 0.566202, 11.0241, -2.21894, 3.06554, 37.1008
 1.12856, -1.34917, 43.141, 1.70231, -0.254652, 76.0649, -1.39999, -0.989452, 10.013, -1.96277, -1.26383, 22.8423
 0.754675, 0.16274, 72.5526, -1.57486, -0.37825, 94.7347, 1.46876, 1.12484, 10.4018, -3.02921, 1.25212, 76.1226
 1.32697, -0.188445, 50.0815, -2.40859, 0.554426, 179.542, -0.866891, 0.608035, 11.3836, -1.24117, 2.35606, 86.0812
 1.57936, -0.621106, 35.9071, 2.69451, -0.988819, 63.6771, -0.517302, -0.670073, 11.2719, -2.05157, -1.69364, 39.6589
 -0.636949, 0.747853, 77.7003, 2.76464, -0.120908, 32.9635, -0.505236, -0.0688775, 10.7056, -0.0563091, 2.48109, 148.034
 1.2826, -1.05467, 66.4944, -1.99499, -0.492402, 80.0591, 0.586208, 0.157143, 10.5417, 2.39375, -2.24464, 48.5893
 -2.24243, 0.985438, 79.5155, 1.3254, -0.390515, 57.1195, -0.231321, -1.1799, 10.3141, 2.84003, 0.854624, 81.917
 2.55196, 0.60795, 52.6396, -1.68472, -0.207065, 64.5874, 1.43309, -1.47705, 11.3905, 0.0671992, -2.59045, 48.8844
 -0.174875, -1.04685, 100.229, 2.1029, -0.806053, 68.2385, -1.59444, -1.08533, 10.8363, 0.590048, -2.80922, 130.47
 -1.60257, -0.955718, 31.8024, -1.79318, -0.514448, 64.3649, -0.017602, -0.415859, 10.7748, -1.90563, 1.38974, 67.8847
 2.84828, 1.29339, 31.3393, 2.33027, -1.26686, 99.7287, -0.802519, -0.87178, 11.4472, -0.0122399, 0.371698, 119.432
 0.498882, -0.547379, 139.564, -1.70841, 0.0770647, 84.4775, 2.46596, -1.13967, 11.161, 0.562813, 1.69422, 27.2405
 -2.63485, 0.887606, 74.1594, -2.0224, 0.94903, 126.038, 0.493856, -0.609419, 11.3001, -0.170056, 2.70428, 21.2286
 -0.224563, 1.27092, 40.3535, -1.86473, -0.0077504, 91.4195, -0.247516, -0.257696, 10.9352, -2.50225, -0.28748, 34.4343
 -0.856823, 0.930029, 75.4496, -1.78364, -0.715676, 181.661, 3.00111, -0.268576, 10.1421, -2.98045, 0.163396, 52.0012
 1.45063, -0.202132, 32.3569, 1.55249, 1.7886, 62.9715, -2.31553, -0.100679, 12.8405, 2.36012, -1.33202, 62.3939
 -0.689894, 0.291501, 55.1804, -3.05325, -1.32181, 174.561, 2.28462, -1.25483, 15.3784, 1.84557, -0.236566, 51.4019
 -1.0003, 1.60319, 112.773, 2.13201, 0.572545, 166.282, -0.55662, 1.41883, 10.3872, 2.88558, 2.48765, 47.7897
 -2.79749, 1.78618, 46.2091, -2.66746, 0.804956, 142.712, 0.530318, -0.302385, 10.248, -0.455188, -0.737809, 38.825
 -1.13863, 0.445639, 38.3632, -0.609186, 0.255753, 52.9431, -2.4617, 0.864497, 22.6522, 0.988566, 2.67001, 7.25352
 0.515654, 1.21246, 42.6064, 0.0395838, -1.24235, 106.616, -2.33353, 1.54073, 10.003, 1.77251, 2.67182, 95.8352
 1.81693, 1.11125, 78.3918, -1.11251, 0.772743, 55.9865, -2.4537, 0.339633, 10.5241, 2.61705, -2.33539, 62.7137
 -2.40476, 0.97418, 69.6989, 0.222974, 1.74137, 101.893, 1.74868, 1.88062, 11.4601, -1.22063, -2.38739, 72.4926
 -0.751707, -0.117271, 50.9456, -1.10026, -0.852223, 60.281, 2.41569, 0.395981, 10.1362, 2.55373, 1.0673, 34.2757
 0.201494, -0.400291, 58.9973, -3.04629, 0.149065, 78.7714, 2.22945, -0.534139, 10.8948, -2.47446, -0.0172268, 99.998
 -2.21795, -2.21726, 52.8274, -1.61439, -0.99882, 82.794, 1.23227, -1.75186, 10.7633, 2.18189, -2.6849, 26.8909
 0.392, 0.661363, 39.9597, 2.28232, -2.43257, 173.126, -1.14994, -0.963819, 12.3595, -1.16756, -2.0799, 61.4508
 0.159188, 1.72625, 61.5917, -2.82047, 0.846577, 213.047, 2.17903, -1.91006, 10.4244, 1.73539, -2.10856, 37.05
 0.742224, -2.33572, 53.9013, -0.383088, -1.111, 61.0835, 1.75528, -1.61494, 13.7156, 0.873671, -0.913174, 40.0981
 0.535219, 1.82811, 40.8099, 0.181096, 1.3704, 46.9723, 2.6823, -0.396566, 12.0031, -0.0310998, 2.84608, 32.8848
 -0.117326, 1.35421, 38.1038, -0.727774, 2.41622, 332.414, -2.75635, 1.53926, 10.2506, -1.93012, -1.82639, 98.3277
 2.76946, -1.86563, 29.239, -2.09517, -1.11795, 53.4109, 0.536584, -2.31443, 10.9471, 2.05852, 1.66569, 50.5548
 -1.91096, -0.0670175, 51.7544, -2.39948, -2.2626, 88.923, 1.99331, 0.696414, 11.552, -0.820764, 2.8385, 35.1404
 -2.75278, -0.509923, 50.7403, 0.621764, 0.584035, 91.3204, 1.13284, -1.23109, 10.024, 1.0467, -2.14219, 20.877
 0.103788, -0.787522, 28.7597, -2.6984, 0.176667, 107.83, -1.90668, 0.0776345, 10.4113, -1.91329, 2.66704, 35.1615
 -3.03341, -1.08384, 96.6761, -0.478138, 1.18465, 36.5194, 2.23968, -0.0911646, 10.1568, 2.01928, -2.81074, 127.268
 2.60202, -0.0285214, 63.2951, -0.044424, 0.232534, 81.1774, -0.569768, -0.472264, 11.9656, -0.347919, 1.04018, 61.3459
 -1.4817, 1.4879, 71.9095, 2.24906, 0.332963, 114.693, -2.69179, -0.163397, 10.5275, -2.193, 0.46156, 12.9178
 1.71214, 1.15726, 62.9566, -1.59826, 1.37735, 110.535, 0.767481, 1.09639, 10.8708, 2.01561, -2.60458, 52.0718
 2.1019, -1.17459, 90.3204, -1.78379, 0.0114045, 93.0655, -1.07658, -0.675355, 17.0248, -2.80359, -0.365969, 147.197
 1.93027, 1.14525, 45.7706, -2.89669, 1.37976, 66.5472, -2.65199, 0.719384, 10.2308, -0.936369, 0.676051, 57.2571
 1.64842, 0.351734, 61.6632, -1.58863, -1.52142, 108.006, 1.06419, -0.730733, 10.2673, -0.248698, -1.78316, 49.9652
 2.77009, 1.15386, 57.0767, 2.14699, -0.340202, 263.269, -1.36245, -1.00492, 10.198, 0.115386, -2.80666, 70.0563
 -1.59948, 1.19296, 69.3906, 2.99507, 0.383554, 97.9315, 1.44918, 1.4824, 10.133, -0.852717, 0.0366408, 3.25536
 -0.488086, 1.56553, 35.6707, 1.96413, 1.23052, 107.642, 0.46154, -2.14069, 10.4701, -2.88286, -2.06776, 31.4172
 -2.22947, 0.236957, 64.7647, -3.11197, -0.671496, 79.6648, -1.52997, -0.667667, 10.1204, -1.1319, 2.73904, 24.8591
 1.44465, 1.51984, 73.2977, -2.70174, 0.189101, 42.9948, 2.03192, -2.85049, 10.3683, -3.13716, 1.70432, 21.9927
 -2.88246, 0.695948, 39.0041, 0.371068, -1.37802, 89.2608, 0.115121, -0.774787, 10.6782, 1.72312, 1.16377, 46.6728
 2.37121, -1.80352, 34.0631, -0.822177, -0.883529, 81.0909, -1.24805, 1.11131, 13.2397, -0.341596, 0.933839, 32.6722
 0.218297, 1.08974, 59.864, 2.49516, 1.38106, 101.208, -1.26523, -1.13525, 10.0155, 0.342816, 2.80039, 11.0287
 -1.79229, -0.441547, 67.6754, 1.33882, -1.31632, 36.4789, 2.37792, -2.57857, 10.3899, -2.9591, 2.79443, 97.1792
 -1.66494, -1.95226, 48.7158, -0.344739, -0.703038, 65.6829, -2.37868, -0.95524, 10.1048, 1.23951, 2.78038, 15.2121
 -0.655798, -0.156171, 34.2036, -2.9595, 2.31318, 94.2232, -2.06424, 1.22676, 11.1895, -1.71513, 2.52199, 14.7394
 2.19989, -0.830221, 124.4, -2.55116, 0.242337, 64.4592, 1.11386, 0.339572, 10.7331, 2.24718, -1.97588, 9.93396
 2.29188, 0.787647, 48.3434, 2.91443, -0.945993, 97.7549, -1.34952, -0.695505, 10.1785, -0.563452, 0.546107, 31.538
 -1.51118, -1.37558, 54.8776, 2.13123, -1.93873, 204.018, 0.509749, -0.806809, 11.2182, 2.34726, 1.68316, 80.3117
 2.10421, -1.71174, 30.3331, -1.37762, -0.149202, 184.74, 2.45248, 1.12249, 11.3554, 2.84316, 1.647, 96.0201
 -0.232276, 0.835618, 40.5934, 2.15548, -1.74072, 206.114, 2.18097, -0.553605, 11.063, 1.27223, 0.134438, 19.9223
 -2.06842, 0.0149224, 64.2859, -1.60628, 1.16331, 55.0651, -2.70469, -0.591038, 10.5968, 0.041408, -2.75462, 21.4256
 0.91964, -1.19211, 34.0965, 0.48976, 1.74372, 53.648, 2.31672, -0.751288, 10.4564, 0.170554, 2.27526, 23.4916
 2.75, 1.8177, 27.7898, 0.0885064, -0.487121, 85.1515, -1.40698, -0.0197679, 10.3213, 0.18067, 2.7515, 45.6569
 -0.22727, -0.773986, 65.3652, 3.01624, -1.35392, 57.2253, -2.68692, -2.96294, 10.0378, -2.35487, -1.87241, 77.8605
 1.33957, -0.812405, 38.811, 1.91821, -1.00665, 75.6938, 0.328427, -1.02274, 10.9428, -2.87676, -0.375094, 26.3603
 0.643973, -0.021425, 20.243, 0.975726, -0.799872, 103.228, -1.34987, -1.32077, 10.422, 2.21288, -0.902729, 89.7067
 -2.5534, -2.26227, 75.3343, 0.968855, 0.951029, 70.7866, -0.0936799, 0.00273191, 10.4388, -0.701833, -2.86364, 44.3228
 -2.48679, -0.331898, 129.962, 2.06401, -0.568037, 60.4085, 0.469547, -0.488874, 10.087, 2.91989, 2.63991, 15.2624
 2.906, -1.28192, 34.8647, 1.72998, -0.730479, 159.174, 1.9664, -0.0122101, 10.1198, 0.691242, -2.59807, 48.3974
 1.66624, 1.87016, 56.5972, 0.059683, -0.664716, 128.145, -1.1556, 0.217292, 10.4299, -0.0966213, 1.80894, 40.5205
 -1.59483, -1.66037, 74.7905, -2.64515, -1.82563, 160.334, 0.649591, 1.76851, 10.6984, -3.10839, -2.18041, 26.0733
 -1.55826, 0.190451, 28.4137, -1.45034, 0.626552, 83.6871, 0.401374, -0.133675, 10.5055, 0.973761, 2.69344, 51.2
 -1.11228, -0.633944, 31.2472, -0.558638, -0.433178, 71.6006, 1.09176, 2.4694, 10.8226, 2.32821, -2.14578, 15.0147
 0.784415, -0.0723055, 46.4148, 0.195677, -0.998021, 83.6986, -1.27009, -0.228396, 11.1574, -1.66321, 2.81527, 57.4857
 -2.84432, -1.18066, 75.4111, 1.66396, 0.483012, 37.2006, -2.71168, -2.57365, 10.2653, -2.1008, -2.7662, 51.8221
 0.990869, 0.22662, 137.266, 0.49926, -1.84776, 74.831, -2.10976, -1.17827, 10.7209, 0.0416533, -1.09086, 18.4844
 -2.05448, 0.207853, 39.1247, -0.828244, 0.432502, 44.4812, -0.19492, -0.741607, 10.1079, -1.63258, -2.76699, 17.2791
 -2.08774, 1.19575, 61.2556, 1.46593, -0.0913945, 233.626, 1.66239, 0.379625, 10.2624, 0.635222, -1.23364, 38.5689
 1.3702, -0.573899, 48.366, -1.56228, 0.0428453, 113.506, -1.39391, -0.887254, 10.8599, -0.144479, 2.1579, 67.4866
 1.65329, -0.920723, 41.7453, -2.19359, 0.238675, 177.848, 0.972571, -0.741183, 10.9245, 0.737865, 2.6544, 129.469
 0.226679, -0.506167, 66.4058, -2.347, -2.43785, 85.2998, 1.48176, 0.00999322, 10.42, -1.62377, 0.590212, 79.774
 2.55784, 1.62904, 43.3647, -1.65305, 2.13703, 122.683, 1.97093, -0.361217, 10.2454, 2.31714, -2.75007, 24.0847
 0.734532, 0.623675, 102.346, 2.23296, 1.05614, 134.985, -1.25823, 0.824829, 10.5979, 2.24907, 2.83263, 40.8278
 -1.95609, -1.46428, 47.4661, -2.15915, 1.8007, 36.2818, 1.19397, 2.61558, 10.3686, 1.75707, 2.84401, 22.0071
 -0.887038, 0.199459, 69.214, -2.4702, -0.772075, 54.0749, 0.224729, -1.9864, 10.0923, 1.01211, -1.56573, 38.1257
 1.72171, 0.357983, 141.755, -1.68746, 0.847813, 97.7905, -0.0247378, -1.72491, 11.9643, 3.06231, -2.49988, 45.5426
 1.35773, -0.433609, 42.7364, 3.07641, 0.422542, 59.7124, -1.08875, -1.47199, 13.735, 0.594939, 2.8203, 26.3109
 2.47307, -0.845728, 227.317, -2.01583, -1.94031, 215.168, 1.04558, -1.82489, 10.0535, -2.00211, 1.50772, 26.8423
 -1.09719, 0.216981, 148.534, 1.89094, 0.621939, 112.029, 1.8068, 1.34644, 10.0433, 0.303348, 2.31084, 136.72
 -1.12212, -0.810365, 43.6972, 2.27081, 0.673962, 99.0128, 3.01318, 0.583598, 10.3447, -1.40902, 2.93045, 68.8739
 -0.894073, -2.31408, 37.8894, -0.462055, 0.512708, 153.75, 2.29406, 1.27131, 10.876, 0.189423, 0.0585255, 84.2697
 1.19094, -1.7144, 60.4984, 0.929753, 0.927195, 404.457, -1.75855, 1.66545, 10.871, -1.3781, -1.07232, 43.2292
 2.492, -0.308473, 53.8788, -1.75361, 1.8747, 115.709, -0.0793833, 2.22112, 10.4129, 2.6632, 0.573583, 40.0882
 -1.42868, 1.1594, 68.5172, -0.278454, -1.38712, 59.3868, -1.98643, 0.0537889, 11.2549, -1.72874, 2.61993, 28.5045
 -0.588815, 0.412205, 58.7209, -2.48991, 0.937472, 114.152, 1.97405, 0.61409, 10.3496, 1.40085, -2.4142, 153.837
 3.04721, 1.48944, 30.6737, 2.53495, 1.16838, 55.2504, 0.665628, 0.328369, 10.023, -1.76892, -1.76234, 37.5346
 -2.39142, -0.447809, 34.4726, 2.99868, 1.79246, 76.5962, 2.40833, 1.76198, 11.7244, 1.47694, 2.27079, 80.8481
 -2.70815, -0.219755, 45.424, -1.08713, -0.0947992, 58.5165, 1.33217, -1.04449, 10.9873, 0.395326, 0.708018, 75.7469
 2.75076, 0.785077, 69.5772, -0.616511, -0.363001, 42.7812, 2.31257, 0.261182, 10.2461, -1.94351, -2.46387, 44.6291
 1.19174, 0.0893934, 45.59, -2.03961, 0.648591, 99.1698, -0.0184592, -0.261468, 10.8448, -0.230776, 2.78253, 31.2153
 1.40726, -1.46764, 35.9458, 0.0928381, -0.878112, 80.6924, 1.53039, -0.749685, 11.2905, -2.80917, -0.736379, 65.8105
 1.12168, -0.528005, 31.5246, -1.194, 1.6892, 180.894, 2.06612, -2.17084, 10.4184, -1.54355, 2.54548, 83.4297
 -1.4995, 0.175343, 38.4272, -1.37678, -0.673551, 86.8397, 1.97711, 0.793616, 11.3195, -1.4638, 2.84146, 92.4147
 -2.32832, -0.00492939, 142.993, -0.403935, 0.126047, 151.434, 3.02154, 0.390365, 10.232, 2.56673, 1.43701, 81.8766
 -0.314637, 0.90712, 38.5288, 0.0856478, 2.39118, 78.6795, -1.29289, 0.17479, 10.0237, -2.84309, 2.23462, 22.3864
 1.37393, -2.2396, 50.991, -1.96321, -0.858161, 112.88, -1.87758, -1.52547, 10.465, 0.357317, -1.60081, 135.479
 -0.852709, -0.376174, 91.3825, -0.653232, -1.25824, 70.209, 1.36307, -1.29383, 10.3508, 0.169214, 2.43306, 33.7597
 1.78589, 0.826612, 86.5598, 2.84571, 1.36886, 68.4593, -0.583726, 0.53071, 10.1879, 2.64269, -0.386254, 55.701
 0.712809, 1.60731, 39.2679, -2.04117, -0.561566, 92.3574, 2.6844, 1.17444, 10.473, -0.994999, 0.984593, 70.4135
 -2.44672, -0.550411, 27.7003, 0.317304, -0.262043, 45.9457, 0.694564, -0.880022, 12.8207, 2.01504, -2.01824, 60.6681
 0.308567, -0.0349893, 66.4583, 2.17621, -0.227173, 107.833, 2.91853, 1.67175, 10.6295, 0.790086, -1.29837, 56.461
 -2.32961, -0.868125, 174.832, 0.0540676, 0.82392, 119.501, -2.58485, -0.415539, 11.1243, 0.808416, 0.32117, 50.186
 -1.82186, -0.416319, 35.1172, -0.5468, -0.163303, 150.576, 0.398023, 1.65715, 10.2677, 2.81182, -0.614226, 13.3076
 -1.62859, 1.06731, 58.4234, -1.18077, -0.43746, 209.776, 2.19468, -1.95998, 11.0487, 0.398191, 1.55345, 89.9084
 -2.68897, 1.22871, 59.6424, 2.29188, 0.586954, 64.4123, -2.68129, 1.82783, 12.2804, 2.99866, 2.86489, 23.7604
 -2.76632, 1.71633, 46.1143, 0.0727347, -0.680259, 88.3992, -1.58819, -0.0102079, 13.976, 1.01631, -1.56294, 19.5508
 -0.161082, -0.922443, 6.47858, -2.56035, 2.0494, 92.9288, -2.64214, 0.458401, 10.345, -1.23527, -0.0761884, 61.5727
 0.063454, -0.986634, 39.6049, -2.51647, 1.14258, 106.967, -2.42056, 0.452474, 10.1144, 0.00716043, 0.671767, 18.7735
 -0.0257848, 0.629173, 64.4839, 0.757312, -0.54382, 121.62, 1.91063, -1.02762, 10.1526, 0.551415, -2.01773, 42.0194
 -2.15648, 0.434636, 81.1026, -3.03046, -0.0613466, 62.3314, 0.570797, 0.463797, 10.297, -1.9844, -2.70179, 46.7227
 2.82543, -0.513647, 44.6582, 0.670089, -1.61522, 157.635, -0.556145, -1.40306, 10.4843, 1.04078, 2.48749, 84.2522
 1.01223, -0.376641, 177.932, -2.13742, -0.776918, 44.8798, 1.84847, -0.645445, 10.389, 1.41439, 0.474483, 148.077
 2.84822, -1.65657, 48.019, 2.64725, -0.904309, 103.513, -1.15689, -2.31085, 10.5698, 1.94821, 2.67218, 23.4548
 0.901268, -0.514916, 11.0505, 0.655931, 1.94334, 53.3957, -1.1894, -0.580619, 10.0997, 2.4675, -1.19469, 43.7278
 1.22668, 1.09909, 118.301, -2.49898, -0.498436, 141.064, -1.61491, -0.0215957, 10.2481, 3.06777, -2.97637, 124.255
 -0.522339, 0.73116, 45.5277, -0.021806, 0.207083, 83.8805, 1.63181, 0.502623, 11.4289, -1.55229, -2.03178, 29.4404
 -1.83866, 1.96208, 48.7911, -2.04506, -0.581827, 125.861, -0.491567, -0.207075, 11.118, 0.776901, 2.83904, 11.9671
 -2.62226, 0.795638, 66.4512, 1.49416, 0.227026, 84.8953, 0.285893, -0.914068, 10.0091, -1.51163, -2.56177, 125.234
 -1.67957, -0.487392, 58.0352, 2.8412, -1.39651, 135.323, 2.02453, -0.567493, 10.0216, 2.11433, 3.06761, 79.4257
 -0.932594, -0.447448, 98.6482, -2.17996, -1.74207, 53.0493, 1.53771, 0.198526, 10.1017, -0.693433, -2.59776, 37.549
 -2.49899, -1.28652, 51.4802, 1.54751, -0.715237, 49.1546, -0.0469307, 0.758356, 10.1717, -1.47049, -1.9127, 52.2729
 2.67393, -1.90325, 66.4158, -1.9289, -0.119496, 37.6804, 0.221741, -2.40315, 10.6037, -2.8432, 1.01122, 95.8177
 -2.68624, 1.87812, 49.3995, 1.92775, -0.0448606, 153.601, 1.02239, -0.479165, 11.1399, -2.99415, -1.19731, 46.3631
 -0.468449, -0.173506, 86.3168, -0.109428, -1.43598, 76.6388, 1.58946, -2.08836, 10.1894, 0.0315956, 0.751044, 6.21379
 0.619635, 1.24898, 56.2806, -1.8447, -0.532311, 76.3243, 1.95225, 0.86713, 10.6531, 0.100248, -0.133207, 173.11
 -0.00203273, 0.179638, 44.7446, -3.0294, 0.423363, 107.508, -1.22418, -2.92216, 10.7107, 1.67849, 2.45398, 56.4344
 -1.89254, -0.918623, 42.2878, 1.44799, -1.10475, 60.2759, -0.974321, -0.971911, 11.4737, 0.96076, -2.33662, 67.1774
 -1.88059, 0.504015, 90.0909, 1.3029, -0.759339, 127.534, 0.448361, -0.599796, 10.2575, 3.10305, -0.253648, 110.225
 -1.56082, 0.819138, 83.3743, -1.85367, -0.596493, 72.0251, 0.857559, 0.777766, 10.3635, 3.02982, 0.798493, 33.3703
 2.78915, 2.21703, 38.2805, -0.205486, 2.29733, 157.282, -2.1032, 2.2816, 10.4454, 0.0871732, 2.76716, 38.8519
 1.02852, -0.211082, 34.0273, -0.603736, 0.704147, 47.2852, 2.38283, -0.757941, 10.0812, 1.86315, 1.38374, 57.866
 -0.376104, -1.15937, 53.5428, 1.74899, -0.648601, 109.488, -2.24181, -0.784483, 10.1097, -0.659526, 2.15169, 36.9614
 -0.945033, -0.906868, 49.6103, -2.09501, 1.29609, 103.921, 1.0765, -0.0275735, 10.0158, -0.509159, 1.02494, 23.397
 2.7073, 0.301611, 51.4047, -2.06167, 0.908513, 150.758, 1.67858, -1.17782, 10.0937, 1.8265, -2.30055, 32.259
 1.79647, -0.91049, 69.7493, -2.192, -1.1032, 70.657, -1.15245, 0.705998, 11.1496, -2.82359, 1.09714, 34.9853
 0.691191, -0.610415, 84.6671, 2.5622, -0.707847, 103.35, 0.208517, -0.268209, 10.5171, -2.20759, 1.58345, 32.5927
 -0.963876, -2.00782, 31.3583, 0.927467, -0.823531, 76.8922, -0.161803, -1.90111, 10.123, -0.0215525, -1.37333, 34.0441
 1.39734, -1.10472, 67.236, 1.63308, -0.596731, 83.9494, -2.80095, -1.91934, 10.2155, -2.75681, -2.63048, 17.0171
 1.52943, -1.70042, 49.019, 1.71422, -0.639299, 111.65, 0.719062, -1.86269, 10.2321, -0.645583, -2.65321, 56.8423
 1.74726, -0.243888, 156.778, -1.98548, 0.473966, 251.431, 1.26759, -0.316072, 10.7743, -1.4328, 0.752267, 88.331
 -2.07432, -2.0676, 86.2555, 2.04479, -1.64541, 75.2402, -0.571386, -1.32969, 10.0181, 2.25484, -0.346886, 88.7175
 -1.27512, -0.624359, 85.0158, 3.10406, 0.728609, 73.2045, -0.910705, 1.03979, 10.2836, -3.10387, 2.59861, 39.8518
 -2.52098, 0.134788, 74.3798, 2.36588, 0.657018, 52.0427, -1.67645, 0.199925, 10.0422, -2.75889, -2.88082, 27.5882
 1.83692, 1.00723, 29.8958, -0.293279, 0.634691, 131.159, 2.27587, 1.39974, 10.4545, 1.22965, 1.07993, 26.3474
 1.63079, 0.724101, 77.5173, -1.80321, -0.953104, 55.4808, 0.264013, -0.252559, 10.0142, 1.31619, 2.71264, 94.4958
 2.30958, 0.383752, 32.8188, -2.50866, -1.61541, 86.2195, -0.16737, -0.683025, 10.1163, -1.05981, -0.017069, 35.6133
 0.130663, 1.50334, 34.6385, 2.58732, 1.14137, 135.88, -0.554985, 1.53312, 10.324, 2.3911, -0.545745, 66.537
 -1.98818, 1.09165, 50.4122, 0.731829, 0.0387702, 55.7649, -0.469279, 0.36933, 10.2488, -3.00024, 1.33501, 61.8558
 0.0831891, -1.91336, 66.8914, 1.69219, 2.19175, 66.6715, -0.438617, -0.0475774, 10.1117, -1.39839, 2.63213, 30.4585
 2.32846, -1.30245, 64.3562, 2.38637, -1.74002, 57.0338, 0.0610001, -1.92631, 10.0589, 0.849081, 1.83599, 24.0048
 -2.55751, -1.22892, 84.4762, 2.16239, 0.206353, 238.198, 0.88999, 0.0214146, 10.5189, 1.50001, 1.54388, 16.8461
 -1.40646, -2.3667, 67.2853, -2.71816, -2.0324, 27.3007, 1.03413, -2.54599, 10.4001, -2.30169, 3.00717, 106.954
 -2.91466, -1.67463, 185.312, -0.660734, -0.266136, 507.082, 2.18135, -0.850923, 10.7498, -1.35011, 2.57464, 25.0379
 2.11426, 1.46322, 43.7513, -1.18137, 0.638529, 96.8461, -1.31844, 0.0802842, 10.5421, -2.31269, -2.37239, 115.203
 -3.02655, -2.07191, 50.2058, 0.425675, 0.661568, 68.1558, 1.86085, 1.25296, 10.0674, 2.19791, -0.541001, 173.764
 0.0170752, 0.1311, 74.6176, 2.85769, -0.0768315, 44.5705, -2.81876, 2.68719, 10.8988, 0.183327, -1.5655, 49.803
 1.66949, 0.465714, 65.3883, -2.98892, -0.28736, 65.0581, -1.33841, -0.00855052, 10.7138, 2.29096, -2.95887, 92.2259
 -0.268377, 1.0617, 146.264, -2.6393, 0.0579493, 79.6865, -1.67837, -0.288497, 11.1464, 1.45703, 2.73226, 32.431
 2.63744, 0.329459, 46.0721, -1.40182, -1.60228, 148.922, -2.56578, -0.406483, 11.049, -0.570149, 2.46513, 34.6417
 2.48005, -1.48917, 46.0335, 0.200058, 0.0981273, 89.1606, 1.49635, -1.08429, 10.631, 0.661472, 0.984786, 36.9703
 -3.09246, 0.208349, 92.6263, 0.182528, 2.22878, 138.64, -0.956892, -0.778533, 10.5253, -0.435802, 2.23827, 171.842
 -1.16291, -0.650684, 64.6339, 2.03353, 0.412659, 143.127, 1.52301, 1.10176, 12.1181, -2.31516, -1.23381, 163.55
 -0.473638, -0.146135, 85.4797, -0.586829, 0.691237, 91.1806, 2.09005, -1.07994, 10.5724, -1.51653, 1.59249, 29.3972
 1.11596, -0.943859, 86.737, 2.27751, -2.02411, 368.094, -1.9533, -1.53472, 10.271, -2.77388, 2.78267, 78.093
 2.77038, -0.920747, 31.6702, -0.997646, -1.48522, 109.147, -1.07195, -0.227733, 10.1863, 1.20956, -0.891806, 52.169
 -0.19506, 0.0603355, 69.2405, -2.75416, 0.621778, 130.979, -0.971461, 0.57583, 11.1878, 0.313887, 1.75983, 69.724
 1.42954, 1.08226, 86.5658, -0.784416, -0.602209, 125.841, 1.92698, -0.0328885, 11.8017, -2.88218, 2.32373, 32.7722
 1.1698, -1.83684, 96.9633, 3.07056, 0.00442772, 75.3664, -1.90669, 0.00184136, 18.9923, -0.939312, -2.57383, 73.0863
 -1.95503, 1.95953, 49.2164, -2.61498, -0.0484836, 334.269, 1.3872, -2.09631, 10.49, 0.680209, -1.22848, 43.6937
 1.22766, 2.1035, 44.8442, -0.257425, 0.701737, 126.333, -2.15377, 1.13537, 11.5705, 0.82378, 1.45924, 30.6999
 1.74573, 1.99676, 95.7029, -2.64061, -0.784304, 198.57, 0.276272, -1.11569, 10.1055, 1.39156, -0.773311, 2.37932
 -0.391778, 1.56168, 103.374, 2.44055, 2.21995, 77.1962, -2.42761, 2.77271, 10.5411, 1.98915, 2.44516, 35.963
 -2.04294, 0.630516, 41.5562, -0.430629, 0.123439, 93.36, 1.69772, 0.686679, 10.8826, -0.536338, -2.60549, 55.1769
 1.72885, -0.321941, 42.0656, -0.0743004, -0.374716, 49.4294, 1.8185, 1.073, 10.1856, -2.62579, -0.558605, 30.6633
 0.556404, 0.183448, 31.4176, -3.11249, 1.14158, 55.2492, -1.08593, 0.72306, 11.2608, 1.4491, -1.64491, 19.9875
 1.39258, -0.216214, 81.6951, -1.66795, 1.03696, 118.096, 1.04718, 0.688095, 10.7379, 0.0994912, -0.904468, 36.2251
 1.92334, -0.456003, 28.1774, -2.15338, 0.787459, 109.078, -1.70323, 0.0481373, 10.3127, -0.553092, 1.48946, 14.1181
 -2.41271, -0.891604, 52.7932, -2.86125, 0.410727, 94.0802, 0.514905, 0.137617, 10.3852, 2.83781, -0.458908, 29.6262
 -0.225246, -0.0530998, 119.88, 2.82177, 1.85883, 102.006, -0.329592, 0.684855, 10.5716, -2.81309, -1.52611, 45.2306
 0.851474, -0.512018, 38.9135, 1.12556, -2.34705, 40.6201, -1.24328, -0.608986, 10.0085, 1.76228, 0.231935, 35.9019
 2.78526, -1.47353, 119.378, 0.215799, -2.49939, 33.9892, -0.933491, -1.6582, 10.2483, -0.182178, 2.71513, 99.4826
 0.698533, 1.83552, 92.1272, -2.52447, 1.77266, 47.0837, -0.178761, 3.0661, 10.7768, -2.5995, 2.36749, 84.8142
 -2.38027, 1.69566, 49.9784, 2.07508, 2.00416, 138.831, -1.70278, 0.553899, 10.7688, 0.468265, -0.995725, 49.3963
 -1.4647, 1.13097, 37.7753, 1.9497, -2.21198, 61.6354, -1.82651, -1.03559, 10.1528, 2.98767, -0.311295, 55.3463
 -1.52453, 1.19399, 27.4786, 1.35555, -1.82632, 102.858, -0.689806, -0.592598, 10.0462, 2.72347, 1.42365, 100.865
 -0.157418, 2.02535, 53.4868, -1.4255, 1.98702, 109.284, -2.4698, 2.56251, 10.6181, 1.75965, 1.41615, 43.5747
 -1.96549, -0.816485, 123.782, 0.779779, -0.350059, 58.015, 3.13472, 0.414828, 10.979, 0.88921, -1.84771, 11.6557
 1.18681, 1.37001, 107.856, -2.48476, 0.334856, 26.5957, -0.517451, 2.65202, 11.2853, 2.75894, -0.642103, 85.1865
 0.334305, 0.679107, 64.6734, 0.0534753, 2.46161, 238.729, 2.69718, -0.968899, 10.2064, -1.46117, 2.72922, 133.229
 -0.846336, -0.141266, 67.0979, -0.528068, -1.36558, 89.3191, -2.33557, -0.76564, 10.8288, 2.66247, 1.5504, 22.5595
 0.0663773, -1.30917, 60.1984, 2.53478, -1.25681, 40.4794, -0.32244, -0.047848, 10.455, -2.62809, 2.54386, 46.7607
 -1.8945, 1.93443, 86.7262, 2.55912, -0.107457, 151.596, 0.535093, 0.154356, 11.0949, 0.497104, -1.36653, 94.914
 -2.40594, -1.85501, 39.8042, -1.19903, -0.609249, 82.4336, 2.17296, 0.51711, 10.139, 0.117956, -1.23115, 16.9192
 -1.44856, 1.67669, 32.2167, 2.03804, -1.53816, 74.4539, 2.65973, 1.9869, 10.2801, -0.483982, 0.222632, 61.3462
 0.102509, 0.457609, 43.3048, -0.856967, -1.37856, 198.584, 2.78484, 0.984927, 10.6205, -0.957569, 2.65967, 52.4694
 -0.182557, -2.30366, 39.5859, 2.90326, -1.7838, 134.431, 2.5978, 1.27697, 10.2642, -1.40142, 2.82966, 29.1221
 -0.526304, 0.589458, 31.107, -2.69113, -0.866909, 87.4266, 1.54955, -0.85561, 10.8844, -1.37843, -0.191244, 45.2846
 -1.97253, 1.30691, 115.446, -2.77322, 2.15924, 206.245, 0.517504, -0.480792, 10.4949, 0.650975, -0.999287, 84.6223
 