<use name="FWCore/Framework"/>
<use name="FWCore/PluginManager"/>
<use name="FWCore/ParameterSet"/>
<use name="FWCore/Utilities"/>
<use name="FWCore/ServiceRegistry"/>
<use name="CommonTools/UtilAlgos"/>
<use name="CommonTools/Utils"/>
<use name="DataFormats/HepMCCandidate"/>
<use name="DataFormats/JetReco"/>
<use name="DataFormats/MuonReco"/>
<use name="DataFormats/PatCandidates"/>
<use name="DataFormats/Math"/>
<use name="SimDataFormats/GeneratorProducts"/>
<use name="BaconAna/DataFormats"/>
<use name="ExoAnalysis/WR-lite"/>
<use name="DataFormats/CLHEP"/>
<use name="CondFormats/JetMETObjects"/>
<use name="JetMETCorrections/Objects"/>
<use name="JetMETCorrections/Modules"/>
<flags EDM_PLUGIN="1"/>
